AACCGTCGAT,179
AACCGTTACG,180
AACGGTCGTA,190
AACGGTTACG,199
AACGGTTCGA,192
AACGTTACCG,182
AACGTTACGC,194
AATACGGTCG,192
AATCGGTACG,197
ACCGATCGTA,196
ACCGATTACG,160
ACCGATTCGG,200
ACCGGTCGTA,200
ACCGGTTACG,182
ACCGTATACG,192
ACCGTTAACG,190
ACCGTTACGA,189
ACCGTTACGG,179
ACCGTTATCG,200
ACCGTTTACG,180
ACGAATTACG,181
ACGACCGTTA,171
ACGATTACCG,194
ACGATTACGC,189
ACGATTCGCG,174
ACGATTTACG,188
ACGCCGATTA,199
ACGGATATCG,197
ACGGATCGTA,187
ACGGTAATCG,179
ACGGTATACG,195
ACGGTCGATT,198
ACGGTTACGA,182
ACGGTTATCG,191
ACGGTTCGAC,197
ACGGTTCGTA,175
ACGTAATTCG,193
ACGTACCGGT,196
ACGTATCCGA,191
ACGTTAACCG,189
ACGTTACCGG,198
ACGTTACGCG,191
ACGTTACGGT,191
ATAACGTTCG,200
ATACGGATCG,192
ATACGGTCGA,189
ATACGTACCG,195
ATACGTTCGG,187
ATATCCGACG,200
ATCCGATACG,197
ATCCGGTACG,180
ATCGACCGTA,180
ATCGACGATT,198
ATCGACGGTA,197
ATCGATACCG,176
ATCGATTACG,198
ATCGGACCGT,196
ATCGGACGTT,185
ATCGGTAACG,168
ATCGGTACCG,189
ATCGGTACGC,194
ATCGGTCCGA,177
ATCGGTCGAA,195
ATCGGTCGTA,165
ATCGGTTACG,188
ATCGTAACCG,180
ATCGTAACGG,194
ATCGTTAACG,180
ATTACGACCG,198
ATTCGACCGT,198
ATTCGACGTA,196
ATTCGTACGA,200
ATTCGTACGG,180
CCGAATCGTA,198
CCGAATTACG,179
CCGATAATCG,178
CCGATACGTT,200
CCGATATACG,194
CCGATTAACG,190
CCGATTACGA,174
CCGATTACGG,187
CCGATTCGTA,196
CCGATTGACG,190
CCGATTTACG,197
CCGGTACGAT,182
CCGGTACGTA,200
CCGGTATACG,193
CCGTAACGAT,197
CCGTAACGGT,172
CCGTAATACG,156
CCGTAATTCG,200
CCGTACGAAT,193
CCGTACGTTA,192
CCGTATACGG,177
CCGTATCGTA,192
CCGTATTACG,167
CCGTCGATTA,195
CCGTCGGATA,193
CCGTTAACGT,192
CCGTTACGAC,199
CCGTTATACG,167
CCGTTATCGA,185
CGAAATTCGT,199
CGAACCGTAT,196
CGAACCGTTA,148
CGAACGATTA,196
CGAACGGTTA,198
CGAACGTATC,193
CGAACGTTAC,185
CGAACGTTCG,149
CGAATCGGTA,179
CGAATCGTCG,164
CGAATCGTTA,178
CGAATTACGA,181
CGAATTACGC,171
CGAATTACGG,192
CGAATTACGT,199
CGAATTATCG,185
CGAATTCGCG,200
CGAATTCGTA,195
CGACCGTATA,181
CGACCGTTAA,192
CGACCGTTAG,176
CGACGGATTA,199
CGACGGTTAA,185
CGACGTAATC,186
CGACGTTACG,190
CGACTAATCG,168
CGACTATCGG,194
CGACTCGTAA,200
CGACTTACGA,193
CGAGTTATCG,179
CGATAACCGA,195
CGATAACCGT,187
CGATAACGGT,167
CGATAACTCG,190
CGATAATCCG,198
CGATAATCGG,185
CGATACCGTA,197
CGATACGGAT,199
CGATACGTTA,173
CGATATTCGA,197
CGATCCGATA,173
CGATCCGTAA,169
CGATCCGTTA,197
CGATCGACTA,200
CGATCGGATA,200
CGATCGGTTA,186
CGATTAACGT,182
CGATTAATCG,176
CGATTACCGA,171
CGATTACGAA,191
CGATTACGAC,185
CGATTACGCG,190
CGATTACGGT,182
CGATTACTCG,200
CGATTAGTCG,186
CGATTATACG,199
CGATTATCCG,197
CGATTCGCGA,165
CGATTTACGA,173
CGATTTACGG,200
CGCGACGTTA,190
CGCGTAACGT,198
CGCGTAATCG,166
CGCGTTAACG,184
CGCTAATCGA,195
CGCTAATCGT,199
CGGACCGTTA,196
CGGATCGATA,196
CGGATCGTAA,186
CGGATTCGTA,199
CGGCGTACTA,193
CGGTAAATCG,200
CGGTAACGAT,163
CGGTAACGTA,198
CGGTAATCGA,188
CGGTACCGTA,173
CGGTACGAAT,189
CGGTACGATA,189
CGGTACGATT,191
CGGTACGCTA,196
CGGTACGTTA,170
CGGTATAACG,195
CGGTATACCG,179
CGGTATACGA,200
CGGTATACGT,197
CGGTATTCGA,188
CGGTCCGATA,187
CGGTCGATTA,177
CGGTTAACGC,195
CGGTTAATCG,157
CGGTTACCGA,191
CGGTTACGAC,196
CGGTTACGAT,184
CGGTTACGTA,182
CGGTTATACG,182
CGGTTATCGA,182
CGGTTCGTAA,197
CGTAAATCGC,185
CGTAAATCGG,195
CGTAAATCGT,194
CGTAACCGAT,152
CGTAACCGGT,160
CGTAACCGTA,183
CGTAACGATC,195
CGTAACGGAT,194
CGTAACGGTC,186
CGTAACGGTT,164
CGTAATACGC,193
CGTAATACGG,168
CGTAATATCG,187
CGTAATCGAT,190
CGTAATCGGT,176
CGTAATTACG,188
CGTAATTCGC,191
CGTAATTCGG,185
CGTACCGAAT,200
CGTACCGATA,176
CGTACCGATT,171
CGTACCGGTA,187
CGTACCGTAA,198
CGTACGAATC,194
CGTACGAATT,192
CGTACGATTA,177
CGTACGGTTA,174
CGTACGTTAC,193
CGTACTAACG,182
CGTATAACCG,189
CGTATATCGG,189
CGTATTAACG,180
CGTATTACGC,174
CGTATTACGG,188
CGTATTCGGA,200
CGTCCGAATA,200
CGTCGATTAC,200
CGTCGTAACG,195
CGTTAACCGA,177
CGTTAACCGT,198
CGTTAACGAC,198
CGTTAACGAT,181
CGTTAACGCG,166
CGTTAACGGT,182
CGTTAATACG,168
CGTTAATCGA,196
CGTTAATCGG,185
CGTTAATCGT,197
CGTTACCGAA,194
CGTTACCGAT,180
CGTTACCGTA,197
CGTTACGACG,194
CGTTACGCGA,199
CGTTAGTACG,198
CGTTATACGA,194
CGTTATCCGA,188
CGTTATCGAC,195
CGTTCGAACG,180
CGTTTACGGA,199
CTAACGGTCG,189
CTAACGTACG,195
CTAACGTCGG,196
CTAATCGACG,194
CTAATCGGCG,200
CTACGGATCG,185
CTACGTTACG,185
CTCGATAACG,194
GACCGATTCG,172
GACCGTTACG,193
GCCGTTAACG,183
GCGTAAATCG,196
GCGTAATCGG,195
GCGTAATTCG,200
GCGTTAATCG,197
GTAACCGTCG,194
GTAACGATCG,179
GTTACGTCGA,197
TAACCGATCG,158
TAACCGTACG,163
TAACCGTCGA,160
TAACCGTTCG,189
TAACGATCCG,187
TAACGATCGA,197
TAACGATTCG,186
TAACGCGTAC,198
TAACGGTACG,177
TAACGGTCGA,168
TAACGGTCGT,181
TAACGGTTCG,168
TAACGTACCG,196
TAACGTACGG,191
TAACGTATCG,178
TAACGTCCGA,191
TAACGTCGGA,195
TAACGTTCCG,198
TAACGTTCGA,187
TAACGTTCGC,200
TAAGTCGTCG,194
TAATCGACGG,187
TAATCGATCG,174
TAATCGCCGA,200
TAATCGTACG,193
TAATCGTCGG,191
TACCGAACGT,187
TACCGAATCG,191
TACCGATTCG,170
TACCGGATCG,154
TACCGGTACG,163
TACCGGTCGA,184
TACCGTAACG,180
TACCGTACGG,182
TACCGTTACG,175
TACGAACCGT,188
TACGAATCGT,197
TACGACCGAT,183
TACGACGGTT,195
TACGATCCGA,194
TACGATTCGC,194
TACGATTCGG,196
TACGCCGTAA,198
TACGCCGTTA,199
TACGGCGTAT,199
TACGGTAACG,181
TACGGTACCG,200
TACGGTCCGA,196
TACGGTCGAA,192
TACGGTTACG,168
TACGTAACCG,188
TACGTAACGC,199
TACGTAATCG,192
TACGTACCGA,180
TACGTATCCG,197
TACGTCCGAA,197
TACGTTAACG,199
TACGTTCGAC,196
TATCCGAACG,200
TATCGAACCG,196
TATCGACCGT,198
TATCGGACCG,178
TATCGGTACG,183
TATCGTAACG,199
TATCGTACCG,188
TATTACGACG,194
TATTCGACCG,184
TCGAAATTCG,192
TCGAACCGTA,191
TCGAACGTTA,199
TCGAATACCG,198
TCGAATCGGT,197
TCGAATTACG,188
TCGACCGAAT,180
TCGACCGGTA,182
TCGACCGTAA,196
TCGACCGTAT,191
TCGACCGTTA,171
TCGACGGATT,200
TCGACGGTAA,194
TCGACGGTTA,165
TCGACGTAAT,200
TCGACTAACG,191
TCGATAACCG,182
TCGATAACGG,185
TCGATACCGG,188
TCGATCCGTA,188
TCGATTAACG,182
TCGATTACGG,195
TCGCGAATCG,190
TCGCGATTAA,196
TCGCTAATCG,193
TCGGAACGTA,186
TCGGACCGAT,191
TCGGACCGTA,164
TCGGACGTTA,179
TCGGATAACG,195
TCGGATACCG,182
TCGGATACGA,194
TCGGCGTAAC,197
TCGGTAACGA,191
TCGGTAACGT,179
TCGGTAATCG,190
TCGGTATACG,194
TCGGTCGAAT,185
TCGGTCGTAA,194
TCGGTTAACG,191
TCGTAAATCG,181
TCGTAACCGA,199
TCGTAACGGA,194
TCGTAACGGT,174
TCGTAACGTA,197
TCGTAATACG,186
TCGTAATCGG,192
TCGTACCGTA,190
TCGTATAACG,197
TCGTATACGG,191
TCGTCGATTA,200
TCGTTAACCG,199
TCGTTAACGA,189
TTAACCGTCG,199
TTAACGGTCG,177
TTACCGTACG,183
TTACGAATCG,187
TTACGACCGT,179
TTACGACGAT,197
TTACGATACG,196
TTACGATCCG,188
TTACGCGTAC,192
TTACGCTACG,191
TTACGGACCG,184
TTACGGATCG,170
TTACGGTACG,187
TTCGACCGTA,166
TTCGACGGTA,185
TTCGGATACG,180
TTCGTACCGA,191
TTCGTCGAAC,200
